url,httpStatus,redirectCount,robotsTxtAllowed,metaRobots,xRobotsTag,indexable,canonical,selfCanonical,sitemapIncluded,sitemapLastmod,incomingInternalLinks,orphan,galleryHubToDetail,releaseToGallery,galleryToRelease,title,description,h1Count,jsonLdTypes,initialHtmlTextCharacters,thinContentRisk,titleSimilarity,descriptionSimilarity,bodySimilarity,releaseGallerySimilarity,googlebotStatus,googlebotMatchesNormal,technicalErrors
https://www.suzukaofficial.com/gallery/ai-demo-wakaranai/,200,0,True,"index, follow",,True,https://www.suzukaofficial.com/gallery/ai-demo-wakaranai/,True,True,,5,False,True,True,True,AIでもわからない MVギャラリー｜SUZUKA,榎本魅愛「AIでもわからない」の公式MV、ジャケット、サムネイル、制作メモを紹介します。,1,"['BreadcrumbList', 'VideoObject', 'WebPage']",1198,False,0.691,0.475,0.192,Medium,200,True,[]
https://www.suzukaofficial.com/gallery/anata-dake-no-savior/,200,0,True,"index, follow",,True,https://www.suzukaofficial.com/gallery/anata-dake-no-savior/,True,True,,8,False,True,True,True,あなただけのSAVIOR MVギャラリー｜SUZUKA,ASTERIA「あなただけのSAVIOR」の公式MV、ジャケット、サムネイル、制作メモを紹介します。 SUZUKAの架空のAIアーティスト作品を紹介します。,1,"['BreadcrumbList', 'VideoObject', 'WebPage']",1279,False,0.551,0.205,0.199,Low,200,True,[]
https://www.suzukaofficial.com/gallery/ashita-wa-kitto/,200,0,True,"index, follow",,True,https://www.suzukaofficial.com/gallery/ashita-wa-kitto/,True,True,,7,False,True,True,True,明日は、きっと。 MVギャラリー｜SUZUKA,榎本魅愛「明日は、きっと。」の公式MV、ジャケット、サムネイル、制作メモを紹介します。 SUZUKAの架空のAIアーティスト作品を紹介します。,1,"['BreadcrumbList', 'VideoObject', 'WebPage']",1236,False,0.517,0.101,0.276,Low,200,True,[]
https://www.suzukaofficial.com/gallery/boukyaku-no-ikimono/,200,0,True,"index, follow",,True,https://www.suzukaofficial.com/gallery/boukyaku-no-ikimono/,True,True,,5,False,True,True,True,忘却の生き物 MVギャラリー｜SUZUKA,神代 煌牙「忘却の生き物」の公式MV、ジャケット、サムネイル、制作メモを紹介します。 SUZUKAの架空のAIアーティスト作品を紹介します。,1,"['BreadcrumbList', 'VideoObject', 'WebPage']",1306,False,0.536,0.278,0.197,Low,200,True,[]
https://www.suzukaofficial.com/gallery/chimpanzee-no-rakuen/,200,0,True,"index, follow",,True,https://www.suzukaofficial.com/gallery/chimpanzee-no-rakuen/,True,True,,7,False,True,True,True,チンパンジーの楽園 MVギャラリー｜SUZUKA,NOX「チンパンジーの楽園」の公式MV、ジャケット、サムネイル、制作メモを紹介します。 SUZUKAの架空のAIアーティスト作品を紹介します。,1,"['BreadcrumbList', 'VideoObject', 'WebPage']",1259,False,0.542,0.124,0.297,Low,200,True,[]
https://www.suzukaofficial.com/gallery/echoes-of-you/,200,0,True,"index, follow",,True,https://www.suzukaofficial.com/gallery/echoes-of-you/,True,True,,6,False,True,True,True,Echoes of You MVギャラリー｜SUZUKA,神代 煌牙「Echoes of You」の公式MV、ジャケット、サムネイル、制作メモを紹介します。 SUZUKAの架空のAIアーティスト作品を紹介します。,1,"['BreadcrumbList', 'VideoObject', 'WebPage']",1297,False,0.778,0.137,0.196,Low,200,True,[]
https://www.suzukaofficial.com/gallery/hajimemashite-kiseki/,200,0,True,"index, follow",,True,https://www.suzukaofficial.com/gallery/hajimemashite-kiseki/,True,True,,7,False,True,True,True,はじめまして、奇跡 MVギャラリー｜SUZUKA,榎本魅愛「はじめまして、奇跡」の公式MV、ジャケット、サムネイル、制作メモを紹介します。 SUZUKAの架空のAIアーティスト作品を紹介します。,1,"['BreadcrumbList', 'VideoObject', 'WebPage']",1250,False,0.533,0.114,0.276,Low,200,True,[]
https://www.suzukaofficial.com/gallery/hanakotoba/,200,0,True,"index, follow",,True,https://www.suzukaofficial.com/gallery/hanakotoba/,True,True,,9,False,True,True,True,花言葉 MVギャラリー｜SUZUKA,榎本魅愛「花言葉」の公式MV、ジャケット、サムネイル、制作メモを紹介します。 SUZUKAの架空のAIアーティスト作品を紹介します。,1,"['BreadcrumbList', 'VideoObject', 'WebPage']",1319,False,0.417,0.137,0.282,Low,200,True,[]
https://www.suzukaofficial.com/gallery/heal-you-again/,200,0,True,"index, follow",,True,https://www.suzukaofficial.com/gallery/heal-you-again/,True,True,,6,False,True,True,True,Heal You Again MVギャラリー｜SUZUKA,RE:VIVE「Heal You Again」の公式MV、ジャケット、サムネイル、制作メモを紹介します。 SUZUKAの架空のAIアーティスト作品を紹介します。,1,"['BreadcrumbList', 'VideoObject', 'WebPage']",1297,False,0.759,0.2,0.189,Low,200,True,[]
https://www.suzukaofficial.com/gallery/hyakumankoku/,200,0,True,"index, follow",,True,https://www.suzukaofficial.com/gallery/hyakumankoku/,True,True,,6,False,True,True,True,百万告 MVギャラリー｜SUZUKA,榎本魅愛「百万告」の公式MV、ジャケット、サムネイル、制作メモを紹介します。 SUZUKAの架空のAIアーティスト作品を紹介します。,1,"['BreadcrumbList', 'VideoObject', 'WebPage']",1173,False,0.591,0.34,0.178,Low,200,True,[]
https://www.suzukaofficial.com/gallery/kimi-ni-kakatta-mahou/,200,0,True,"index, follow",,True,https://www.suzukaofficial.com/gallery/kimi-ni-kakatta-mahou/,True,True,,5,False,True,True,True,君にかかった魔法 MVギャラリー｜SUZUKA,榎本魅愛「君にかかった魔法」の公式MV、ジャケット、サムネイル、制作メモを紹介します。 SUZUKAの架空のAIアーティスト作品を紹介します。,1,"['BreadcrumbList', 'VideoObject', 'WebPage']",1189,False,0.517,0.115,0.278,Low,200,True,[]
https://www.suzukaofficial.com/gallery/kimi-to-nara-last-boss-made/,200,0,True,"index, follow",,True,https://www.suzukaofficial.com/gallery/kimi-to-nara-last-boss-made/,True,True,,5,False,True,True,True,君とならラスボスまで MVギャラリー｜SUZUKA,榎本魅愛「君とならラスボスまで」の公式MV、ジャケット、サムネイル、制作メモを紹介します。 SUZUKAの架空のAIアーティスト作品を紹介します。,1,"['BreadcrumbList', 'VideoObject', 'WebPage']",1242,False,0.702,0.425,0.194,Low,200,True,[]
https://www.suzukaofficial.com/gallery/kimi-wa-hanabi/,200,0,True,"index, follow",,True,https://www.suzukaofficial.com/gallery/kimi-wa-hanabi/,True,True,,5,False,True,True,True,君は花火 MVギャラリー｜SUZUKA,榎本魅愛「君は花火」の公式MV、ジャケット、サムネイル、制作メモを紹介します。 SUZUKAの架空のAIアーティスト作品を紹介します。,1,"['BreadcrumbList', 'VideoObject', 'WebPage']",1191,False,0.622,0.406,0.145,Low,200,True,[]
https://www.suzukaofficial.com/gallery/koisuru-maharaja/,200,0,True,"index, follow",,True,https://www.suzukaofficial.com/gallery/koisuru-maharaja/,True,True,,7,False,True,True,True,恋するマハラジャ MVギャラリー｜SUZUKA,RANGILI「恋するマハラジャ」の公式MV、ジャケット、サムネイル、制作メモを紹介します。 SUZUKAの架空のAIアーティスト作品を紹介します。,1,"['BreadcrumbList', 'VideoObject', 'WebPage']",1251,False,0.492,0.509,0.273,Medium,200,True,[]
https://www.suzukaofficial.com/gallery/lost-signal/,200,0,True,"index, follow",,True,https://www.suzukaofficial.com/gallery/lost-signal/,True,True,,8,False,True,True,True,LOST SIGNAL MVギャラリー｜SUZUKA,ECLYPSE「LOST SIGNAL」の公式MV、ジャケット、サムネイル、制作メモを紹介します。 SUZUKAの架空のAIアーティスト作品を紹介します。,1,"['BreadcrumbList', 'VideoObject', 'WebPage']",1331,False,0.537,0.148,0.266,Low,200,True,[]
https://www.suzukaofficial.com/gallery/mermaid-merman/,200,0,True,"index, follow",,True,https://www.suzukaofficial.com/gallery/mermaid-merman/,True,True,,5,False,True,True,True,MERMAID×MERMAN MVギャラリー｜SUZUKA,榎本魅愛「MERMAID×MERMAN」の公式MV、ジャケット、サムネイル、制作メモを紹介します。,1,"['BreadcrumbList', 'VideoObject', 'WebPage']",1237,False,0.738,0.504,0.19,Medium,200,True,[]
https://www.suzukaofficial.com/gallery/mermaid-no-geboku/,200,0,True,"index, follow",,True,https://www.suzukaofficial.com/gallery/mermaid-no-geboku/,True,True,,8,False,True,True,True,マーメイドの下僕 MVギャラリー｜SUZUKA,神代煌牙「マーメイドの下僕」の公式MV、ジャケット、サムネイル、制作メモを紹介します。 SUZUKAの架空のAIアーティスト作品を紹介します。,1,"['BreadcrumbList', 'VideoObject', 'WebPage']",1237,False,0.517,0.136,0.274,Low,200,True,[]
https://www.suzukaofficial.com/gallery/mia/,200,0,True,"index, follow",,True,https://www.suzukaofficial.com/gallery/mia/,True,True,,5,False,True,True,True,M・I・A MVギャラリー｜SUZUKA,榎本魅愛「M・I・A」の公式MV、ジャケット、サムネイル、制作メモを紹介します。 SUZUKAの架空のAIアーティスト作品を紹介します。,1,"['BreadcrumbList', 'VideoObject', 'WebPage']",1201,False,0.638,0.372,0.189,Low,200,True,[]
https://www.suzukaofficial.com/gallery/mirai-no-watashi-ga-miteru/,200,0,True,"index, follow",,True,https://www.suzukaofficial.com/gallery/mirai-no-watashi-ga-miteru/,True,True,,5,False,True,True,True,未来の私が見てる MVギャラリー｜SUZUKA,榎本魅愛「未来の私が見てる」の公式MV、ジャケット、サムネイル、制作メモを紹介します。 SUZUKAの架空のAIアーティスト作品を紹介します。,1,"['BreadcrumbList', 'VideoObject', 'WebPage']",1225,False,0.698,0.369,0.232,Low,200,True,[]
https://www.suzukaofficial.com/gallery/moshimo-ashita-hajimemashite-ni-natte-mo/,200,0,True,"index, follow",,True,https://www.suzukaofficial.com/gallery/moshimo-ashita-hajimemashite-ni-natte-mo/,True,True,,6,False,True,True,True,もしも明日、はじめましてになっても MVギャラリー｜SUZUKA,榎本魅愛「もしも明日、はじめましてになっても」の公式MV、ジャケット、サムネイル、制作メモを紹介します。 SUZUKAの架空のAIアーティスト作品を紹介します。,1,"['BreadcrumbList', 'VideoObject', 'WebPage']",1335,False,0.703,0.41,0.212,Low,200,True,[]
https://www.suzukaofficial.com/gallery/muteki-jikan-ato-3byou/,200,0,True,"index, follow",,True,https://www.suzukaofficial.com/gallery/muteki-jikan-ato-3byou/,True,True,,5,False,True,True,True,無敵時間、あと3秒 MVギャラリー｜SUZUKA,榎本魅愛「無敵時間、あと3秒」の公式MV、ジャケット、サムネイル、制作メモを紹介します。 SUZUKAの架空のAIアーティスト作品を紹介します。,1,"['BreadcrumbList', 'VideoObject', 'WebPage']",1225,False,0.691,0.438,0.199,Low,200,True,[]
https://www.suzukaofficial.com/gallery/my-queen-my-oath/,200,0,True,"index, follow",,True,https://www.suzukaofficial.com/gallery/my-queen-my-oath/,True,True,,6,False,True,True,True,"My Queen, My Oath MVギャラリー｜SUZUKA","神代 煌牙「My Queen, My Oath」の公式MV、ジャケット、サムネイル、制作メモを紹介します。 SUZUKAの架空のAIアーティスト作品を紹介します。",1,"['BreadcrumbList', 'VideoObject', 'WebPage']",1361,False,0.632,0.483,0.159,Medium,200,True,[]
https://www.suzukaofficial.com/gallery/namaste-galaxy/,200,0,True,"index, follow",,True,https://www.suzukaofficial.com/gallery/namaste-galaxy/,True,True,,6,False,True,True,True,NAMASTE☆GALAXY MVギャラリー｜SUZUKA,RANGILI「NAMASTE☆GALAXY」の公式MV、ジャケット、サムネイル、制作メモを紹介します。 SUZUKAの架空のAIアーティスト作品を紹介します。,1,"['BreadcrumbList', 'VideoObject', 'WebPage']",1291,False,0.724,0.239,0.198,Low,200,True,[]
https://www.suzukaofficial.com/gallery/one-more-kiss/,200,0,True,"index, follow",,True,https://www.suzukaofficial.com/gallery/one-more-kiss/,True,True,,6,False,True,True,True,One More Kiss MVギャラリー｜SUZUKA,神代煌牙「One More Kiss」の公式MV、ジャケット、サムネイル、制作メモを紹介します。 SUZUKAの架空のAIアーティスト作品を紹介します。,1,"['BreadcrumbList', 'VideoObject', 'WebPage']",1297,False,0.588,0.097,0.142,Low,200,True,[]
https://www.suzukaofficial.com/gallery/our-kingdom/,200,0,True,"index, follow",,True,https://www.suzukaofficial.com/gallery/our-kingdom/,True,True,,5,False,True,True,True,OUR KINGDOM MVギャラリー｜SUZUKA,榎本魅愛 × 神代煌牙「OUR KINGDOM」の公式MV、ジャケット、サムネイル、制作メモを紹介します。 SUZUKAの架空のAIアーティスト作品を紹介します。,1,"['BreadcrumbList', 'VideoObject', 'WebPage']",1281,False,0.679,0.407,0.148,Low,200,True,[]
https://www.suzukaofficial.com/gallery/red-moon-rising/,200,0,True,"index, follow",,True,https://www.suzukaofficial.com/gallery/red-moon-rising/,True,True,,6,False,True,True,True,RED MOON // RISING MVギャラリー｜SUZUKA,ECLYPSE「RED MOON // RISING」の公式MV、ジャケット、サムネイル、制作メモを紹介します。 SUZUKAの架空のAIアーティスト作品を紹介します。,1,"['BreadcrumbList', 'VideoObject', 'WebPage']",1430,False,0.565,0.389,0.159,Low,200,True,[]
https://www.suzukaofficial.com/gallery/shadow-code/,200,0,True,"index, follow",,True,https://www.suzukaofficial.com/gallery/shadow-code/,True,True,,7,False,True,True,True,SHADOW//CODE MVギャラリー｜SUZUKA,ECLYPSE「SHADOW//CODE」の公式MV、ジャケット、サムネイル、制作メモを紹介します。 SUZUKAの架空のAIアーティスト作品を紹介します。,1,"['BreadcrumbList', 'VideoObject', 'WebPage']",1289,False,0.688,0.429,0.141,Low,200,True,[]
https://www.suzukaofficial.com/gallery/smile-and-say-goodbye/,200,0,True,"index, follow",,True,https://www.suzukaofficial.com/gallery/smile-and-say-goodbye/,True,True,,6,False,True,True,True,SMILE AND SAY GOODBYE ― 大好きだから、笑ってさようなら。― MVギャラリー｜SUZUKA,榎本魅愛「SMILE AND SAY GOODBYE ― 大好きだから、笑ってさようなら。―」の公式MV、ジャケット、サムネイル、制作メモを紹介します。 SUZUKAの架空のAIアーティスト作品を紹介します。,1,"['BreadcrumbList', 'VideoObject', 'WebPage']",1461,False,0.881,0.144,0.125,Low,200,True,[]
https://www.suzukaofficial.com/gallery/still-alive/,200,0,True,"index, follow",,True,https://www.suzukaofficial.com/gallery/still-alive/,True,True,,7,False,True,True,True,Still alive MVギャラリー｜SUZUKA,RE:VIVE「Still alive」の公式MV、ジャケット、サムネイル、制作メモを紹介します。 SUZUKAの架空のAIアーティスト作品を紹介します。,1,"['BreadcrumbList', 'VideoObject', 'WebPage']",1280,False,0.567,0.186,0.201,Low,200,True,[]
https://www.suzukaofficial.com/gallery/suki-ga-kyou-mo-fueteiku/,200,0,True,"index, follow",,True,https://www.suzukaofficial.com/gallery/suki-ga-kyou-mo-fueteiku/,True,True,,5,False,True,True,True,好きが、今日も増えていく。 MVギャラリー｜SUZUKA,榎本魅愛「好きが、今日も増えていく。」の公式MV、ジャケット、サムネイル、制作メモを紹介します。 SUZUKAの架空のAIアーティスト作品を紹介します。,1,"['BreadcrumbList', 'VideoObject', 'WebPage']",1270,False,0.667,0.356,0.223,Low,200,True,[]
https://www.suzukaofficial.com/gallery/sukitte-baretemo-ii/,200,0,True,"index, follow",,True,https://www.suzukaofficial.com/gallery/sukitte-baretemo-ii/,True,True,,5,False,True,True,True,好きってバレてもいい MVギャラリー｜SUZUKA,榎本魅愛「好きってバレてもいい」の公式MV、ジャケット、サムネイル、制作メモを紹介します。 SUZUKAの架空のAIアーティスト作品を紹介します。,1,"['BreadcrumbList', 'VideoObject', 'WebPage']",1237,False,0.702,0.422,0.196,Low,200,True,[]
https://www.suzukaofficial.com/gallery/tokenai-mahou-wo-ai-to-yobu/,200,0,True,"index, follow",,True,https://www.suzukaofficial.com/gallery/tokenai-mahou-wo-ai-to-yobu/,True,True,,5,False,True,True,True,解けない魔法を、愛と呼ぶ MVギャラリー｜SUZUKA,榎本魅愛「解けない魔法を、愛と呼ぶ」の公式MV、ジャケット、サムネイル、制作メモを紹介します。 SUZUKAの架空のAIアーティスト作品を紹介します。,1,"['BreadcrumbList', 'VideoObject', 'WebPage']",1251,False,0.721,0.433,0.177,Low,200,True,[]
https://www.suzukaofficial.com/gallery/toriatsukai-chui/,200,0,True,"index, follow",,True,https://www.suzukaofficial.com/gallery/toriatsukai-chui/,True,True,,7,False,True,True,True,取り扱いチュー💋い MVギャラリー｜SUZUKA,榎本魅愛「取り扱いチュー💋い」の公式MV、ジャケット、サムネイル、制作メモを紹介します。 SUZUKAの架空のAIアーティスト作品を紹介します。,1,"['BreadcrumbList', 'VideoObject', 'WebPage']",1253,False,0.679,0.405,0.189,Low,200,True,[]
https://www.suzukaofficial.com/gallery/wasureji-no-hito/,200,0,True,"index, follow",,True,https://www.suzukaofficial.com/gallery/wasureji-no-hito/,True,True,,8,False,True,True,True,忘れじの人 MVギャラリー｜SUZUKA,朝霧しのぶ「忘れじの人」の公式MV、ジャケット、サムネイル、制作メモを紹介します。 SUZUKAの架空のAIアーティスト作品を紹介します。,1,"['BreadcrumbList', 'VideoObject', 'WebPage']",1226,False,0.453,0.155,0.295,Low,200,True,[]
https://www.suzukaofficial.com/gallery/wasurenai-kokoro/,200,0,True,"index, follow",,True,https://www.suzukaofficial.com/gallery/wasurenai-kokoro/,True,True,,6,False,True,True,True,忘れない心 MVギャラリー｜SUZUKA,朝霧しのぶ「忘れない心」の公式MV、ジャケット、サムネイル、制作メモを紹介します。 SUZUKAの架空のAIアーティスト作品を紹介します。,1,"['BreadcrumbList', 'VideoObject', 'WebPage']",1279,False,0.632,0.167,0.191,Low,200,True,[]
https://www.suzukaofficial.com/gallery/without-worrying/,200,0,True,"index, follow",,True,https://www.suzukaofficial.com/gallery/without-worrying/,True,True,,6,False,True,True,True,Without Worrying MVギャラリー｜SUZUKA,榎本魅愛「Without Worrying」の公式MV、ジャケット、サムネイル、制作メモを紹介します。 SUZUKAの架空のAIアーティスト作品を紹介します。,1,"['BreadcrumbList', 'VideoObject', 'WebPage']",1291,False,0.622,0.103,0.287,Low,200,True,[]
https://www.suzukaofficial.com/gallery/zennin-saiban/,200,0,True,"index, follow",,True,https://www.suzukaofficial.com/gallery/zennin-saiban/,True,True,,8,False,True,True,True,善人裁判 MVギャラリー｜SUZUKA,NOX「善人裁判」の公式MV、ジャケット、サムネイル、制作メモを紹介します。 SUZUKAの架空のAIアーティスト作品を紹介します。,1,"['BreadcrumbList', 'VideoObject', 'WebPage']",1236,False,0.449,0.13,0.282,Low,200,True,[]
